
insert into avatar(id_avatar,link ) values (1, 'https://robohash.org/totamminimareprehenderit.png?size=75x75&set=set1');
insert into avatar(id_avatar,link ) values (2, 'https://robohash.org/undeenimsint.png?size=75x75&set=set1');
insert into avatar(id_avatar,link ) values (3, 'https://robohash.org/facerenihilrepellat.png?size=75x75&set=set1');
insert into avatar(id_avatar,link ) values (4, 'https://robohash.org/idcumquererum.png?size=75x75&set=set1');
insert into avatar(id_avatar,link ) values (5, 'https://robohash.org/estvelitet.png?size=75x75&set=set1');
insert into avatar(id_avatar,link ) values (6, 'https://robohash.org/illoameteum.png?size=75x75&set=set1');
insert into avatar(id_avatar,link ) values (7, 'https://robohash.org/sedeiusquaerat.png?size=75x75&set=set1');
insert into avatar(id_avatar,link ) values (8, 'https://robohash.org/etexplicaboquisquam.png?size=75x75&set=set1');
insert into avatar(id_avatar,link ) values (9, 'https://robohash.org/quamrepellendusperferendis.png?size=75x75&set=set1');
insert into avatar(id_avatar,link ) values (10, 'https://robohash.org/eaeosquisquam.png?size=75x75&set=set1');

insert into user (id,username, first_name, last_name, email, password, avatar_id, date_of_birth ) values (1, 'wolfy01' ,'Wolfy', 'Burns', 'wburns0@vistaprint.com', '9dxK08', 1, '1982/11/13');
insert into user (id,username, first_name, last_name, email, password, avatar_id, date_of_birth ) values (2, 'daron25' ,'Daron', 'O''Bradain', 'dobradain1@usnews.com', 'ytrz5bw', 2, '2015/07/25');
insert into user (id,username, first_name, last_name, email, password, avatar_id, date_of_birth ) values (3, 'kevina35' ,'Kevina', 'Allnutt', 'kallnutt2@tinyurl.com', 'wVou2iLP', 3, '2004/04/25');
insert into user (id,username, first_name, last_name, email, password, avatar_id, date_of_birth ) values (4, 'spence15' ,'Spence', 'Sieb', 'ssieb3@xrea.com', 'e3CpKoWPnhM', 4, '2000/06/10');
insert into user (id,username, first_name, last_name, email, password, avatar_id, date_of_birth ) values (5, 'emelen78' ,'Emelen', 'Towe', 'etowe4@cargocollective.com', 'xWDCEO', 5, '2001/06/27');
insert into user (id,username, first_name, last_name, email, password, avatar_id, date_of_birth ) values (6, 'feder32' ,'Federica', 'Grinval', 'fgrinval5@cbsnews.com', 'UiY99gpeP', 6, '2019/07/05');
insert into user (id,username, first_name, last_name, email, password, avatar_id, date_of_birth ) values (7, 'mik18' ,'Mikael', 'Caret', 'mcaret6@sciencedaily.com', 'VqHYvWujmy', 7, '1994/04/10');
insert into user (id,username, first_name, last_name, email, password, avatar_id, date_of_birth ) values (8, 'ricky43' ,'Ricky', 'Briand', 'rbriand7@msu.edu', 'WwSuTjN9', 8, '2007/06/25');
insert into user (id,username, first_name, last_name, email, password, avatar_id, date_of_birth ) values (9, 'sara12' ,'Sarajane', 'Lidstone', 'slidstone8@slideshare.net', 'uwBBRT9LK4C', 9, '1995/02/04');
insert into user (id,username, first_name, last_name, email, password, avatar_id, date_of_birth ) values (10 'lud79',, 'Ludvig', 'Chucks', 'lchucks9@npr.org', '2LPad7BNmD', 10, '1980/10/13');

insert into manga (id, title, title_original, cover, synopsis, release_date, date_of_end) values (1, 'Sitting Pretty', '晓晴', 'http://dummyimage.com/121x100.png/dddddd/000000', 'In sagittis dui vel nisl. Duis ac nibh. Fusce lacus purus, aliquet at, feugiat non, pretium quis, lectus.Suspendisse potenti. In eleifend quam a odio. In hac habitasse platea dictumst.Maecenas ut massa quis augue luctus tincidunt. Nulla mollis molestie lorem. Quisque ut erat.', '2021-02-20', '2021-04-11');
insert into manga (id, title, title_original, cover, synopsis, release_date, date_of_end) values (2, 'FC Venus', '宇涵', 'http://dummyimage.com/237x100.png/dddddd/000000', 'Donec diam neque, vestibulum eget, vulputate ut, ultrices vel, augue. Vestibulum ante ipsum primis in faucibus orci luctus et ultrices posuere cubilia Curae; Donec pharetra, magna vestibulum aliquet ultrices, erat tortor sollicitudin mi, sit amet lobortis sapien sapien non mi. Integer ac neque.Duis bibendum. Morbi non quam nec dui luctus rutrum. Nulla tellus.In sagittis dui vel nisl. Duis ac nibh. Fusce lacus purus, aliquet at, feugiat non, pretium quis, lectus.', '2021-05-15', '2021-09-02');
insert into manga (id, title, title_original, cover, synopsis, release_date, date_of_end) values (3, 'Dr. Jekyll and Ms. Hyde', '碧萱', 'http://dummyimage.com/240x100.png/dddddd/000000', 'Curabitur at ipsum ac tellus semper interdum. Mauris ullamcorper purus sit amet nulla. Quisque arcu libero, rutrum ac, lobortis vel, dapibus at, diam.', '2021-12-07', '2021-05-19');
insert into manga (id, title, title_original, cover, synopsis, release_date, date_of_end) values (4, 'Phenix City Story, The', '宸瑜', 'http://dummyimage.com/120x100.png/5fa2dd/ffffff', 'Fusce posuere felis sed lacus. Morbi sem mauris, laoreet ut, rhoncus aliquet, pulvinar sed, nisl. Nunc rhoncus dui vel sem.Sed sagittis. Nam congue, risus semper porta volutpat, quam pede lobortis ligula, sit amet eleifend pede libero quis orci. Nullam molestie nibh in lectus.Pellentesque at nulla. Suspendisse potenti. Cras in purus eu magna vulputate luctus.', '2021-06-30', '2021-03-05');
insert into manga (id, title, title_original, cover, synopsis, release_date, date_of_end) values (5, 'Repast (Meshi)', '美琳', 'http://dummyimage.com/170x100.png/dddddd/000000', 'Fusce posuere felis sed lacus. Morbi sem mauris, laoreet ut, rhoncus aliquet, pulvinar sed, nisl. Nunc rhoncus dui vel sem.Sed sagittis. Nam congue, risus semper porta volutpat, quam pede lobortis ligula, sit amet eleifend pede libero quis orci. Nullam molestie nibh in lectus.Pellentesque at nulla. Suspendisse potenti. Cras in purus eu magna vulputate luctus.', '2020-12-27', '2021-01-02');
insert into manga (id, title, title_original, cover, synopsis, release_date, date_of_end) values (6, 'By the Bluest of Seas (U samogo sinego morya)', '秉皓', 'http://dummyimage.com/239x100.png/ff4444/ffffff', 'Sed ante. Vivamus tortor. Duis mattis egestas metus.', '2021-07-18', '2021-01-06');
insert into manga (id, title, title_original, cover, synopsis, release_date, date_of_end) values (7, 'House on Haunted Hill', '松源', 'http://dummyimage.com/185x100.png/ff4444/ffffff', 'Maecenas leo odio, condimentum id, luctus nec, molestie sed, justo. Pellentesque viverra pede ac diam. Cras pellentesque volutpat dui.Maecenas tristique, est et tempus semper, est quam pharetra magna, ac consequat metus sapien ut nunc. Vestibulum ante ipsum primis in faucibus orci luctus et ultrices posuere cubilia Curae; Mauris viverra diam vitae quam. Suspendisse potenti.Nullam porttitor lacus at turpis. Donec posuere metus vitae ipsum. Aliquam non mauris.', '2020-12-23', '2021-08-14');
insert into manga (id, title, title_original, cover, synopsis, release_date, date_of_end) values (8, 'Agent Vinod', '雪怡', 'http://dummyimage.com/150x100.png/cc0000/ffffff', 'Proin leo odio, porttitor id, consequat in, consequat ut, nulla. Sed accumsan felis. Ut at dolor quis odio consequat varius.Integer ac leo. Pellentesque ultrices mattis odio. Donec vitae nisi.', '2021-09-09', '2021-03-26');
insert into manga (id, title, title_original, cover, synopsis, release_date, date_of_end) values (9, 'Bob''s Birthday', '墨含', 'http://dummyimage.com/167x100.png/5fa2dd/ffffff', 'Duis aliquam convallis nunc. Proin at turpis a pede posuere nonummy. Integer non velit.Donec diam neque, vestibulum eget, vulputate ut, ultrices vel, augue. Vestibulum ante ipsum primis in faucibus orci luctus et ultrices posuere cubilia Curae; Donec pharetra, magna vestibulum aliquet ultrices, erat tortor sollicitudin mi, sit amet lobortis sapien sapien non mi. Integer ac neque.Duis bibendum. Morbi non quam nec dui luctus rutrum. Nulla tellus.', '2021-05-19', '2021-10-12');
insert into manga (id, title, title_original, cover, synopsis, release_date, date_of_end) values (10, 'Quartet', '梓彤', 'http://dummyimage.com/212x100.png/cc0000/ffffff', 'Curabitur gravida nisi at nibh. In hac habitasse platea dictumst. Aliquam augue quam, sollicitudin vitae, consectetuer eget, rutrum at, lorem.Integer tincidunt ante vel ipsum. Praesent blandit lacinia erat. Vestibulum sed magna at nunc commodo placerat.Praesent blandit. Nam nulla. Integer pede justo, lacinia eget, tincidunt eget, tempus vel, pede.', '2021-05-18', '2021-09-26');
insert into manga (id, title, title_original, cover, synopsis, release_date, date_of_end) values (11, 'Dogwalker, The', '泰霖', 'http://dummyimage.com/102x100.png/ff4444/ffffff', 'Praesent id massa id nisl venenatis lacinia. Aenean sit amet justo. Morbi ut odio.', '2021-08-02', '2021-11-18');
insert into manga (id, title, title_original, cover, synopsis, release_date, date_of_end) values (12, 'Man''s Job (Miehen työ)', '梦婷', 'http://dummyimage.com/208x100.png/dddddd/000000', 'Maecenas tristique, est et tempus semper, est quam pharetra magna, ac consequat metus sapien ut nunc. Vestibulum ante ipsum primis in faucibus orci luctus et ultrices posuere cubilia Curae; Mauris viverra diam vitae quam. Suspendisse potenti.Nullam porttitor lacus at turpis. Donec posuere metus vitae ipsum. Aliquam non mauris.', '2021-03-23', '2020-12-30');
insert into manga (id, title, title_original, cover, synopsis, release_date, date_of_end) values (13, 'Yes Man', '婧琪', 'http://dummyimage.com/189x100.png/cc0000/ffffff', 'Mauris enim leo, rhoncus sed, vestibulum sit amet, cursus id, turpis. Integer aliquet, massa id lobortis convallis, tortor risus dapibus augue, vel accumsan tellus nisi eu orci. Mauris lacinia sapien quis libero.Nullam sit amet turpis elementum ligula vehicula consequat. Morbi a ipsum. Integer a nibh.', '2021-11-08', '2021-09-16');
insert into manga (id, title, title_original, cover, synopsis, release_date, date_of_end) values (14, 'Little Trip to Heaven, A', '思宇', 'http://dummyimage.com/133x100.png/ff4444/ffffff', 'Suspendisse potenti. In eleifend quam a odio. In hac habitasse platea dictumst.Maecenas ut massa quis augue luctus tincidunt. Nulla mollis molestie lorem. Quisque ut erat.', '2021-04-28', '2021-10-25');
insert into manga (id, title, title_original, cover, synopsis, release_date, date_of_end) values (15, 'Beat Street', '哲恒', 'http://dummyimage.com/107x100.png/ff4444/ffffff', 'Duis bibendum, felis sed interdum venenatis, turpis enim blandit mi, in porttitor pede justo eu massa. Donec dapibus. Duis at velit eu est congue elementum.', '2021-01-01', '2021-08-07');
insert into manga (id, title, title_original, cover, synopsis, release_date, date_of_end) values (16, 'Dumplings (Gaau ji)', '宸赫', 'http://dummyimage.com/160x100.png/5fa2dd/ffffff', 'In quis justo. Maecenas rhoncus aliquam lacus. Morbi quis tortor id nulla ultrices aliquet.Maecenas leo odio, condimentum id, luctus nec, molestie sed, justo. Pellentesque viverra pede ac diam. Cras pellentesque volutpat dui.Maecenas tristique, est et tempus semper, est quam pharetra magna, ac consequat metus sapien ut nunc. Vestibulum ante ipsum primis in faucibus orci luctus et ultrices posuere cubilia Curae; Mauris viverra diam vitae quam. Suspendisse potenti.', '2021-08-18', '2021-05-21');
insert into manga (id, title, title_original, cover, synopsis, release_date, date_of_end) values (17, 'Wonderland', '娅楠', 'http://dummyimage.com/206x100.png/cc0000/ffffff', 'Nullam sit amet turpis elementum ligula vehicula consequat. Morbi a ipsum. Integer a nibh.In quis justo. Maecenas rhoncus aliquam lacus. Morbi quis tortor id nulla ultrices aliquet.', '2021-04-28', '2021-05-07');
insert into manga (id, title, title_original, cover, synopsis, release_date, date_of_end) values (18, 'A Grain of Truth', '伟菘', 'http://dummyimage.com/238x100.png/ff4444/ffffff', 'Morbi non lectus. Aliquam sit amet diam in magna bibendum imperdiet. Nullam orci pede, venenatis non, sodales sed, tincidunt eu, felis.Fusce posuere felis sed lacus. Morbi sem mauris, laoreet ut, rhoncus aliquet, pulvinar sed, nisl. Nunc rhoncus dui vel sem.', '2021-09-27', '2021-05-24');
insert into manga (id, title, title_original, cover, synopsis, release_date, date_of_end) values (19, 'The Gilded Cage', '昱漳', 'http://dummyimage.com/141x100.png/5fa2dd/ffffff', 'Cras non velit nec nisi vulputate nonummy. Maecenas tincidunt lacus at velit. Vivamus vel nulla eget eros elementum pellentesque.', '2021-06-04', '2020-12-31');
insert into manga (id, title, title_original, cover, synopsis, release_date, date_of_end) values (20, 'Someday This Pain Will Be Useful to You', '梦婷', 'http://dummyimage.com/107x100.png/dddddd/000000', 'Maecenas tristique, est et tempus semper, est quam pharetra magna, ac consequat metus sapien ut nunc. Vestibulum ante ipsum primis in faucibus orci luctus et ultrices posuere cubilia Curae; Mauris viverra diam vitae quam. Suspendisse potenti.Nullam porttitor lacus at turpis. Donec posuere metus vitae ipsum. Aliquam non mauris. Morbi non lectus. Aliquam sit amet diam in magna bibendum imperdiet. Nullam orci pede, venenatis non, sodales sed, tincidunt eu, felis.', '2021-12-18', '2021-07-27');


